"ID","Typ","Tresc","ID_Zlecenia","ID_Stanowiska","Utworzono","Przeczytane"
"1","AbortStanowiska","Porzucono sztukę na Stanowisko Montaz 1 (zlecenie ZL001).","1","1","28.08.2026 17:02:12","True"
"2","AbortStanowiska","TEST: Porzucono sztuke na Stanowisko 1 (zlecenie ZL001).","1","1","28.08.2026 17:02:21","True"
"5","AbortStanowiska","Porzucono sztukę na Stanowisko Montaz 1 (zlecenie ZL001).","1","1","28.08.2026 17:39:56","True"
"1098","BrakKlockow","Kończą się klocki: 2x2 żółty wysoki — tor 1, Stanowisko Montaż 2 (został 1 pojemnik).","","2","29.08.2026 15:56:45","True"
"1099","BrakKlockow","Kończą się klocki: 3x1 pomarańczowy wysoki — tor 2, Stanowisko Montaż 2 (został 1 pojemnik).","","2","29.08.2026 15:57:01","True"
"1100","BrakKlockow","Kończą się klocki: 2x1 jasny zielony wysoki — tor 3, Stanowisko Montaż 2 (został 1 pojemnik).","","2","29.08.2026 15:57:01","True"
"1101","BrakKlockow","Kończą się klocki: 1x1 niebieski wysoki — tor 1, Stanowisko Montaż 3 (został 1 pojemnik).","","3","29.08.2026 15:58:52","True"
"1102","BrakKlockow","Kończą się klocki: 2x1 żółty wysoki — tor 2, Stanowisko Montaż 3 (został 1 pojemnik).","","3","29.08.2026 15:58:52","True"
"1103","BrakKlockow","BRAK klocków: 1x1 niebieski wysoki — tor 1, Stanowisko Montaż 3. Dołóż pojemnik!","","3","29.08.2026 15:59:23","True"
"1104","BrakKlockow","BRAK klocków: 2x1 żółty wysoki — tor 2, Stanowisko Montaż 3. Dołóż pojemnik!","","3","29.08.2026 15:59:23","True"
"1105","BrakKlockow","BRAK klocków: 4x1 zielony wysoki — tor 3, Stanowisko Montaż 3. Dołóż pojemnik!","","3","29.08.2026 15:59:23","True"
"1106","BrakKlockow","BRAK klocków: 2x2 żółty wysoki — tor 1, Stanowisko Montaż 2. Dołóż pojemnik!","","2","29.08.2026 16:03:26","True"
"1107","BrakKlockow","BRAK klocków: 3x1 pomarańczowy wysoki — tor 2, Stanowisko Montaż 2. Dołóż pojemnik!","","2","29.08.2026 16:03:26","True"
"1108","BrakKlockow","BRAK klocków: 2x1 jasny zielony wysoki — tor 3, Stanowisko Montaż 2. Dołóż pojemnik!","","2","29.08.2026 16:03:26","True"
"1109","BrakKlockow","BRAK klocków: 3x1 pomarańczowy wysoki — tor 2, Stanowisko Montaż 2. Dołóż pojemnik!","","2","29.08.2026 16:15:43","True"
"1110","BrakKlockow","Kończą się klocki: 16x16 szary płaski — tor 1, Stanowisko Montaż 1 (został 1 pojemnik).","","1","30.08.2026 14:53:23","True"
"1111","BrakKlockow","Kończą się klocki: 6x16 czarny płaski — tor 2, Stanowisko Montaż 1 (został 1 pojemnik).","","1","30.08.2026 14:53:28","True"
"1112","BrakKlockow","Kończą się klocki: 2x1 czerwony wysoki — tor 3, Stanowisko Montaż 1 (został 1 pojemnik).","","1","30.08.2026 14:53:29","True"
"1113","BrakKlockow","BRAK klocków: 6x16 czarny płaski — tor 2, Stanowisko Montaż 1. Dołóż pojemnik!","","1","30.08.2026 14:53:31","True"
"2180","BrakKlockow","Kończą się klocki: 1x1 niebieski wysoki — tor 1, Stanowisko Montaż 3 (został 1 pojemnik).","","3","31.08.2026 09:52:35","True"
"2181","BrakKlockow","BRAK klocków: 1x1 niebieski wysoki — tor 1, Stanowisko Montaż 3. Dołóż pojemnik!","","3","31.08.2026 09:52:35","True"
"2182","BrakKlockow","Kończą się klocki: 1x1 niebieski wysoki — tor 1, Stanowisko Montaż 3 (został 1 pojemnik).","","3","31.08.2026 09:59:32","True"
"2183","BrakKlockow","Kończą się klocki: 1x1 niebieski wysoki — tor 1, Stanowisko Montaż 3 (został 1 pojemnik).","","3","31.08.2026 09:59:35","True"
"2184","BrakKlockow","Kończą się klocki: 2x1 żółty wysoki — tor 2, Stanowisko Montaż 3 (został 1 pojemnik).","","3","31.08.2026 09:59:37","True"
"2185","BrakKlockow","BRAK klocków: 1x1 niebieski wysoki — tor 1, Stanowisko Montaż 3. Dołóż pojemnik!","","3","31.08.2026 09:59:38","True"
"2186","BrakKlockow","Kończą się klocki: 1x1 niebieski wysoki — tor 1, Stanowisko Montaż 3 (został 1 pojemnik).","","3","31.08.2026 11:49:33","True"
"2187","BrakKlockow","Kończą się klocki: 2x1 żółty wysoki — tor 2, Stanowisko Montaż 3 (został 1 pojemnik).","","3","31.08.2026 11:49:35","True"
"2188","BrakKlockow","Kończą się klocki: 4x1 zielony wysoki — tor 3, Stanowisko Montaż 3 (został 1 pojemnik).","","3","31.08.2026 11:49:38","True"
"2189","BrakKlockow","BRAK klocków: 4x1 zielony wysoki — tor 3, Stanowisko Montaż 3. Dołóż pojemnik!","","3","31.08.2026 11:49:40","True"
"2190","BrakKlockow","BRAK klocków: 2x1 żółty wysoki — tor 2, Stanowisko Montaż 3. Dołóż pojemnik!","","3","31.08.2026 11:49:42","True"
"2191","BrakKlockow","BRAK klocków: 1x1 niebieski wysoki — tor 1, Stanowisko Montaż 3. Dołóż pojemnik!","","3","31.08.2026 11:49:44","True"
"2192","BrakKlockow","Kończą się klocki: 2x2 żółty wysoki — tor 1, Stanowisko Montaż 2 (został 1 pojemnik).","","2","31.08.2026 11:49:59","True"
"2193","BrakKlockow","Kończą się klocki: 3x1 pomarańczowy wysoki — tor 2, Stanowisko Montaż 2 (został 1 pojemnik).","","2","31.08.2026 11:50:07","True"
"2194","BrakKlockow","BRAK klocków: 2x2 żółty wysoki — tor 1, Stanowisko Montaż 2. Dołóż pojemnik!","","2","31.08.2026 11:50:09","True"
"2195","BrakKlockow","BRAK klocków: 3x1 pomarańczowy wysoki — tor 2, Stanowisko Montaż 2. Dołóż pojemnik!","","2","31.08.2026 11:50:11","True"
"2196","BrakKlockow","Kończą się klocki: 2x1 jasny zielony wysoki — tor 3, Stanowisko Montaż 2 (został 1 pojemnik).","","2","31.08.2026 11:50:12","True"
"2197","BrakKlockow","BRAK klocków: 2x1 jasny zielony wysoki — tor 3, Stanowisko Montaż 2. Dołóż pojemnik!","","2","31.08.2026 11:50:14","True"
"2198","BrakKlockow","Kończą się klocki: 6x16 czarny płaski — tor 2, Stanowisko Montaż 1 (został 1 pojemnik).","","1","31.08.2026 11:50:21","True"
"2199","BrakKlockow","Kończą się klocki: 2x1 czerwony wysoki — tor 3, Stanowisko Montaż 1 (został 1 pojemnik).","","1","31.08.2026 11:50:22","True"
"2200","BrakKlockow","BRAK klocków: 6x16 czarny płaski — tor 2, Stanowisko Montaż 1. Dołóż pojemnik!","","1","31.08.2026 11:50:24","True"
"2201","BrakKlockow","Kończą się klocki: 16x16 szary płaski — tor 1, Stanowisko Montaż 1 (został 1 pojemnik).","","1","31.08.2026 11:50:26","True"
"2202","BrakKlockow","BRAK klocków: 16x16 szary płaski — tor 1, Stanowisko Montaż 1. Dołóż pojemnik!","","1","31.08.2026 11:50:31","True"
"2203","BrakKlockow","BRAK klocków: 2x1 czerwony wysoki — tor 3, Stanowisko Montaż 1. Dołóż pojemnik!","","1","31.08.2026 11:50:33","True"
